filename,Pose,ki,Keypoint,coordinates,score
./images/multi_skiing.jpg,0,0,nose,[ 89.33994818 166.33257389],0.9985044002532959
./images/multi_skiing.jpg,0,1,leftEye,[ 77.4036603  180.12375927],0.9991422891616821
./images/multi_skiing.jpg,0,2,rightEye,[ 76.56365681 151.69395542],0.9978177547454834
./images/multi_skiing.jpg,0,3,leftEar,[ 77.79273558 195.08619857],0.7662131190299988
./images/multi_skiing.jpg,0,4,rightEar,[ 77.66257858 129.94568253],0.8930104374885559
./images/multi_skiing.jpg,0,5,leftShoulder,[137.33821917 213.80971909],0.9682044982910156
./images/multi_skiing.jpg,0,6,rightShoulder,[140.88508058  96.48674393],0.8876811265945435
./images/multi_skiing.jpg,0,7,leftElbow,[204.72671413 257.02200735],0.5483443737030029
./images/multi_skiing.jpg,0,8,rightElbow,[235.88350868  95.76149178],0.3254941403865814
./images/multi_skiing.jpg,0,9,leftWrist,[228.99632883 269.93458176],0.052492909133434296
./images/multi_skiing.jpg,0,10,rightWrist,[272.44336537 151.00208569],0.5188103914260864
./images/multi_skiing.jpg,0,11,leftHip,[292.68264103 180.11744022],0.05639812722802162
./images/multi_skiing.jpg,0,12,rightHip,[281.76359272 100.26072979],0.7067655920982361
./images/multi_skiing.jpg,0,13,leftKnee,[406.78912067 174.8630228 ],0.7526168823242188
./images/multi_skiing.jpg,0,14,rightKnee,[403.40113926 102.05079079],0.657127857208252
./images/multi_skiing.jpg,0,15,leftAnkle,[508.02435684 212.69408894],0.034766245633363724
./images/multi_skiing.jpg,0,16,rightAnkle,[502.05024147 130.42219353],0.6897556185722351
./images/multi_skiing.jpg,1,0,nose,[207.35426539 289.71001363],0.997739315032959
./images/multi_skiing.jpg,1,1,leftEye,[198.28728437 302.73354077],0.9984052777290344
./images/multi_skiing.jpg,1,2,rightEye,[197.59521294 277.32517242],0.989266037940979
./images/multi_skiing.jpg,1,3,leftEar,[197.30495167 318.85507786],0.8182054758071899
./images/multi_skiing.jpg,1,4,rightEar,[200.65335226 263.16879177],0.8744232654571533
./images/multi_skiing.jpg,1,5,leftShoulder,[260.1613512  333.49418259],0.9057878255844116
./images/multi_skiing.jpg,1,6,rightShoulder,[265.50611782 250.48251438],0.9786989688873291
./images/multi_skiing.jpg,1,7,leftElbow,[329.27065468 361.11269093],0.8298895359039307
./images/multi_skiing.jpg,1,8,rightElbow,[330.8723793  234.70512295],0.7196096777915955
./images/multi_skiing.jpg,1,9,leftWrist,[327.57485247 402.53339863],0.8426615595817566
./images/multi_skiing.jpg,1,10,rightWrist,[314.90776491 189.91852617],0.720106303691864
./images/multi_skiing.jpg,1,11,leftHip,[397.6683712  325.18186569],0.07791420817375183
./images/multi_skiing.jpg,1,12,rightHip,[394.1746192  265.91555929],0.23089130222797394
./images/multi_skiing.jpg,1,13,leftKnee,[495.76309586 344.66999531],0.053978968411684036
./images/multi_skiing.jpg,1,14,rightKnee,[493.1186142 252.3308785],0.01665044203400612
./images/multi_skiing.jpg,1,15,leftAnkle,[522.30996132 352.01407514],0.0779801607131958
./images/multi_skiing.jpg,1,16,rightAnkle,[520.08162689 211.20952225],0.09167435765266418
./images/multi_skiing.jpg,2,0,nose,[150.84176826 499.98510861],0.38318970799446106
./images/multi_skiing.jpg,2,1,leftEye,[146.66718292 495.29057205],0.12551312148571014
./images/multi_skiing.jpg,2,2,rightEye,[146.9491365  499.50778031],0.4478067457675934
./images/multi_skiing.jpg,2,3,leftEar,[143.82574463 483.99460888],0.36386266350746155
./images/multi_skiing.jpg,2,4,rightEar,[148.43768787 496.71295512],0.8426104187965393
./images/multi_skiing.jpg,2,5,leftShoulder,[160.83837438 472.95936441],0.9681942462921143
./images/multi_skiing.jpg,2,6,rightShoulder,[164.01388741 497.524966  ],0.8338871002197266
./images/multi_skiing.jpg,2,7,leftElbow,[180.17464542 467.74656749],0.6610193252563477
./images/multi_skiing.jpg,2,8,rightElbow,[178.89529037 500.30420113],0.9332339763641357
./images/multi_skiing.jpg,2,9,leftWrist,[200.68404007 471.47578049],0.19479526579380035
./images/multi_skiing.jpg,2,10,rightWrist,[193.28044164 502.78494453],0.9382763504981995
./images/multi_skiing.jpg,2,11,leftHip,[201.34470034 475.58749962],0.7238474488258362
./images/multi_skiing.jpg,2,12,rightHip,[197.86171103 494.2013607 ],0.9157288074493408
./images/multi_skiing.jpg,2,13,leftKnee,[230.12217236 478.11524677],0.8425753712654114
./images/multi_skiing.jpg,2,14,rightKnee,[226.27905273 489.09010315],0.9949380159378052
./images/multi_skiing.jpg,2,15,leftAnkle,[257.0842905  473.39224529],0.5930323600769043
./images/multi_skiing.jpg,2,16,rightAnkle,[255.28615749 487.53256416],0.9534828066825867
./images/multi_skiing.jpg,3,0,nose,[170.80770731 378.88696861],0.535327672958374
./images/multi_skiing.jpg,3,1,leftEye,[166.24742413 378.68962383],0.6192077398300171
./images/multi_skiing.jpg,3,2,rightEye,[166.6596365  375.47226906],0.7041646838188171
./images/multi_skiing.jpg,3,3,leftEar,[168.89408207 382.77306259],0.44476473331451416
./images/multi_skiing.jpg,3,4,rightEar,[167.87369347 375.03530598],0.28156769275665283
./images/multi_skiing.jpg,3,5,leftShoulder,[183.93523979 382.5265491 ],0.4198271930217743
./images/multi_skiing.jpg,3,6,rightShoulder,[178.16574693 373.56040668],0.8384839296340942
./images/multi_skiing.jpg,3,7,leftElbow,[190.46892416 389.8677187 ],0.7085568904876709
./images/multi_skiing.jpg,3,8,rightElbow,[188.02192688 366.75130844],0.5327094793319702
./images/multi_skiing.jpg,3,9,leftWrist,[180.87243509 384.2868576 ],0.04762658476829529
./images/multi_skiing.jpg,3,10,rightWrist,[188.47704482 367.65882817],0.6980600357055664
./images/multi_skiing.jpg,3,11,leftHip,[204.76064777 382.52969801],0.9211981296539307
./images/multi_skiing.jpg,3,12,rightHip,[204.65560985 371.38860798],0.7063341736793518
./images/multi_skiing.jpg,3,13,leftKnee,[224.89199787 381.37613869],0.6402660608291626
./images/multi_skiing.jpg,3,14,rightKnee,[225.95939445 372.67586708],0.538123607635498
./images/multi_skiing.jpg,3,15,leftAnkle,[249.75347137 379.96458387],0.7802854776382446
./images/multi_skiing.jpg,3,16,rightAnkle,[239.74305916 372.01774025],0.44699782133102417
./images/fire_hydrant.jpg,0,0,nose,[128.42582291 249.66223526],0.9972260594367981
./images/fire_hydrant.jpg,0,1,leftEye,[112.55389309 272.43883297],0.975695788860321
./images/fire_hydrant.jpg,0,2,rightEye,[101.44784403 234.52619553],0.998229444026947
./images/fire_hydrant.jpg,0,3,leftEar,[119.91714382 290.14894319],0.521544337272644
./images/fire_hydrant.jpg,0,4,rightEar,[ 97.31290627 201.52737522],0.8837800621986389
./images/fire_hydrant.jpg,0,5,leftShoulder,[170.96279716 261.17500591],0.015181169845163822
./images/fire_hydrant.jpg,0,6,rightShoulder,[181.26842308 155.94592476],0.09446103870868683
./images/fire_hydrant.jpg,0,7,leftElbow,[213.61804962 328.49150467],0.005090717226266861
./images/fire_hydrant.jpg,0,8,rightElbow,[315.44709396 235.93744183],0.8715283870697021
./images/fire_hydrant.jpg,0,9,leftWrist,[232.36699629 329.07814312],0.7024766802787781
./images/fire_hydrant.jpg,0,10,rightWrist,[239.79278329 309.73840523],0.02745005302131176
./images/fire_hydrant.jpg,0,11,leftHip,[317.26775146 237.58308244],0.034863121807575226
./images/fire_hydrant.jpg,0,12,rightHip,[348.77152824 176.11302567],0.019477704539895058
./images/fire_hydrant.jpg,0,13,leftKnee,[309.65759325 283.77479362],0.007901966571807861
./images/fire_hydrant.jpg,0,14,rightKnee,[320.25545502 243.42497587],0.022571740671992302
./images/fire_hydrant.jpg,0,15,leftAnkle,[378.14390755 296.61534786],0.06319037079811096
./images/fire_hydrant.jpg,0,16,rightAnkle,[331.44373035 275.72943425],0.0018413863144814968
./images/frisbee_2.jpg,0,0,nose,[160.78008336 243.27814078],0.9859358072280884
./images/frisbee_2.jpg,0,1,leftEye,[158.19230616 244.92993307],0.8851588368415833
./images/frisbee_2.jpg,0,2,rightEye,[157.42300963 240.06288435],0.9789844155311584
./images/frisbee_2.jpg,0,3,leftEar,[161.05599582 245.08383703],0.4043206572532654
./images/frisbee_2.jpg,0,4,rightEar,[158.58436382 231.11603928],0.9085188508033752
./images/frisbee_2.jpg,0,5,leftShoulder,[175.73833326 240.31908831],0.9900808930397034
./images/frisbee_2.jpg,0,6,rightShoulder,[173.88246536 230.55407095],0.9535952806472778
./images/frisbee_2.jpg,0,7,leftElbow,[185.18645287 245.72221136],0.8502364754676819
./images/frisbee_2.jpg,0,8,rightElbow,[187.02788734 236.05222559],0.8555136919021606
./images/frisbee_2.jpg,0,9,leftWrist,[190.08240318 259.19101596],0.6318380236625671
./images/frisbee_2.jpg,0,10,rightWrist,[185.07738781 243.44852161],0.61798095703125
./images/frisbee_2.jpg,0,11,leftHip,[222.98661149 232.20323086],0.990261971950531
./images/frisbee_2.jpg,0,12,rightHip,[222.19708955 222.38090241],0.994220495223999
./images/frisbee_2.jpg,0,13,leftKnee,[261.79033899 230.22028399],0.9470648765563965
./images/frisbee_2.jpg,0,14,rightKnee,[261.60283852 219.41446018],0.965427577495575
./images/frisbee_2.jpg,0,15,leftAnkle,[301.40707755 222.63895035],0.9256187677383423
./images/frisbee_2.jpg,0,16,rightAnkle,[299.9499836  221.05167174],0.8799070715904236
./images/boy_doughnut.jpg,0,0,nose,[125.42999005 258.25618386],0.9982895255088806
./images/boy_doughnut.jpg,0,1,leftEye,[ 94.46827507 290.01958323],0.977612316608429
./images/boy_doughnut.jpg,0,2,rightEye,[ 88.59360838 226.6753552 ],0.998816728591919
./images/boy_doughnut.jpg,0,3,leftEar,[124.02937341 328.55193996],0.9460926651954651
./images/boy_doughnut.jpg,0,4,rightEar,[106.55671024 182.97168732],0.6745405197143555
./images/boy_doughnut.jpg,0,5,leftShoulder,[250.97103691 337.32568359],0.1356937736272812
./images/boy_doughnut.jpg,0,6,rightShoulder,[242.32510662 138.94191408],0.5493467450141907
./images/boy_doughnut.jpg,0,7,leftElbow,[435.43844795 368.11702824],0.0007955267210491002
./images/boy_doughnut.jpg,0,8,rightElbow,[488.74682236 127.00448149],0.42560771107673645
./images/boy_doughnut.jpg,0,9,leftWrist,[334.99786675 340.94989872],0.10592640936374664
./images/boy_doughnut.jpg,0,10,rightWrist,[340.40899658 272.75282288],0.09243089705705643
./images/boy_doughnut.jpg,0,11,leftHip,[529.64506531 309.59225512],0.0400320440530777
./images/boy_doughnut.jpg,0,12,rightHip,[519.32762146 160.82939804],0.02009578049182892
./images/boy_doughnut.jpg,0,13,leftKnee,[522.58630753 316.66598558],0.006453713867813349
./images/boy_doughnut.jpg,0,14,rightKnee,[507.87858391 188.7563138 ],0.000709948071744293
./images/boy_doughnut.jpg,0,15,leftAnkle,[517.15174246 304.93204427],0.002127482322975993
./images/boy_doughnut.jpg,0,16,rightAnkle,[503.60861778 193.80928481],0.0008207728387787938
./images/on_bus.jpg,0,0,nose,[130.00638795  15.1358059 ],0.9957261085510254
./images/on_bus.jpg,0,1,leftEye,[114.66838694  29.10594797],0.9966731071472168
./images/on_bus.jpg,0,2,rightEye,[117.7596426    3.33184528],0.7809576988220215
./images/on_bus.jpg,0,3,leftEar,[130.46558213  59.12215042],0.9333668947219849
./images/on_bus.jpg,0,4,rightEar,[130.91821432  -3.33178854],0.12011866271495819
./images/on_bus.jpg,0,5,leftShoulder,[213.46894073  99.59932184],0.9673723578453064
./images/on_bus.jpg,0,6,rightShoulder,[202.20136881 -11.90343952],0.4433608055114746
./images/on_bus.jpg,0,7,leftElbow,[322.84621429 127.25126636],0.04753626883029938
./images/on_bus.jpg,0,8,rightElbow,[286.54497671 -12.8713789 ],0.04120751842856407
./images/on_bus.jpg,0,9,leftWrist,[348.67282867 113.44046938],0.008455031551420689
./images/on_bus.jpg,0,10,rightWrist,[304.16921249  15.22175139],0.047292307019233704
./images/on_bus.jpg,0,11,leftHip,[419.02350068  78.02245307],5.658485315507278e-05
./images/on_bus.jpg,0,12,rightHip,[370.74828815  -3.98944998],0.0019613795448094606
./images/on_bus.jpg,0,13,leftKnee,[511.14232248  96.73432368],0.00014756846940144897
./images/on_bus.jpg,0,14,rightKnee,[ 4.25483224e+02 -2.34493271e-01],8.96980709512718e-05
./images/on_bus.jpg,0,15,leftAnkle,[506.53550386  95.55088934],0.000251153513090685
./images/on_bus.jpg,0,16,rightAnkle,[506.75257063  12.9889946 ],0.00017793862207327038
./images/on_bus.jpg,1,0,nose,[ 86.78319073 397.44840431],0.9912137389183044
./images/on_bus.jpg,1,1,leftEye,[ 64.92668629 395.34525299],0.9245373010635376
./images/on_bus.jpg,1,2,rightEye,[ 70.80898476 373.03695107],0.7740622162818909
./images/on_bus.jpg,1,3,leftEar,[ 74.59357166 395.53900433],0.009448237717151642
./images/on_bus.jpg,1,4,rightEar,[ 86.07017374 319.09180486],0.9726482629776001
./images/on_bus.jpg,1,5,leftShoulder,[187.63643074 401.89230728],0.05756440386176109
./images/on_bus.jpg,1,6,rightShoulder,[188.1872468  281.74044418],0.04485555365681648
./images/on_bus.jpg,1,7,leftElbow,[355.98988271 406.88744402],0.028539272025227547
./images/on_bus.jpg,1,8,rightElbow,[341.49015188 252.5443027 ],0.7837480902671814
./images/on_bus.jpg,1,9,leftWrist,[345.78463507 312.61338329],0.0056658959947526455
./images/on_bus.jpg,1,10,rightWrist,[229.57891655 336.20757484],0.02074453793466091
./images/on_bus.jpg,1,11,leftHip,[462.83444428 369.06900859],0.0015713635366410017
./images/on_bus.jpg,1,12,rightHip,[447.16414124 310.18937969],0.03346920385956764
./images/on_bus.jpg,1,13,leftKnee,[505.58446932 385.68351829],0.006449355278164148
./images/on_bus.jpg,1,14,rightKnee,[479.54541996 369.21870136],0.010960259474813938
./images/on_bus.jpg,1,15,leftAnkle,[509.76948905 383.21264017],0.015539409592747688
./images/on_bus.jpg,1,16,rightAnkle,[510.60898173 365.50179601],0.015060395002365112
./images/skate_park_venice.jpg,0,0,nose,[ 46.5867548 237.4205145],0.5185181498527527
./images/skate_park_venice.jpg,0,1,leftEye,[ 44.91844797 239.86274802],0.6744727492332458
./images/skate_park_venice.jpg,0,2,rightEye,[ 44.82153273 241.35239504],0.6637174487113953
./images/skate_park_venice.jpg,0,3,leftEar,[ 45.47711158 239.48295922],0.5301942229270935
./images/skate_park_venice.jpg,0,4,rightEar,[ 45.11971092 240.17091272],0.481503963470459
./images/skate_park_venice.jpg,0,5,leftShoulder,[ 52.46634483 239.14154516],0.8983592391014099
./images/skate_park_venice.jpg,0,6,rightShoulder,[ 52.6908555  241.17018507],0.9053720831871033
./images/skate_park_venice.jpg,0,7,leftElbow,[ 66.3010397 230.85532  ],0.928679347038269
./images/skate_park_venice.jpg,0,8,rightElbow,[ 65.34700859 239.09454888],0.8949102163314819
./images/skate_park_venice.jpg,0,9,leftWrist,[ 76.41034889 230.6596514 ],0.8466130495071411
./images/skate_park_venice.jpg,0,10,rightWrist,[ 75.808918  241.3352448],0.7966837286949158
./images/skate_park_venice.jpg,0,11,leftHip,[ 78.70563698 239.77561895],0.9727393984794617
./images/skate_park_venice.jpg,0,12,rightHip,[ 79.13726413 239.56977081],0.9667757749557495
./images/skate_park_venice.jpg,0,13,leftKnee,[ 96.99819946 242.52617591],0.7348905205726624
./images/skate_park_venice.jpg,0,14,rightKnee,[ 97.03547037 240.60706954],0.9509634971618652
./images/skate_park_venice.jpg,0,15,leftAnkle,[114.83722115 248.18763598],0.9253771901130676
./images/skate_park_venice.jpg,0,16,rightAnkle,[114.65297174 245.41218716],0.906435489654541
./images/skate_park_venice.jpg,1,0,nose,[ 59.06943941 -17.12745457],0.05418546125292778
./images/skate_park_venice.jpg,1,1,leftEye,[48.41270083 -8.28242927],0.1517830491065979
./images/skate_park_venice.jpg,1,2,rightEye,[51.95728016  0.41893574],0.02495530992746353
./images/skate_park_venice.jpg,1,3,leftEar,[59.29760075 -6.6082957 ],0.6042323112487793
./images/skate_park_venice.jpg,1,4,rightEar,[57.02528858 12.04756082],0.4676966965198517
./images/skate_park_venice.jpg,1,5,leftShoulder,[106.89177704   7.8682972 ],0.018897516652941704
./images/skate_park_venice.jpg,1,6,rightShoulder,[97.09042454  4.909687  ],0.5295620560646057
./images/skate_park_venice.jpg,1,7,leftElbow,[191.94296053  37.13180639],0.931801974773407
./images/skate_park_venice.jpg,1,8,rightElbow,[187.55144691  54.40979221],0.08904664218425751
./images/skate_park_venice.jpg,1,9,leftWrist,[267.7811718   34.13148756],0.6383729577064514
./images/skate_park_venice.jpg,1,10,rightWrist,[267.77100945  34.49540611],0.23083046078681946
./images/skate_park_venice.jpg,1,11,leftHip,[238.33610034  88.73077901],0.026105577126145363
./images/skate_park_venice.jpg,1,12,rightHip,[241.62997687  90.6151889 ],0.06767578423023224
./images/skate_park_venice.jpg,1,13,leftKnee,[350.0571456 109.5969861],0.39157527685165405
./images/skate_park_venice.jpg,1,14,rightKnee,[348.083992   110.13009733],0.5243688225746155
./images/skate_park_venice.jpg,1,15,leftAnkle,[406.82485437 191.94904297],0.040236812084913254
./images/skate_park_venice.jpg,1,16,rightAnkle,[406.56579638 190.12605405],0.04739806801080704
./images/looking_at_computer.jpg,0,0,nose,[239.64419955 224.23578434],0.9987713694572449
./images/looking_at_computer.jpg,0,1,leftEye,[228.00154591 244.58265543],0.9934646487236023
./images/looking_at_computer.jpg,0,2,rightEye,[219.59586859 216.00614738],0.9874386191368103
./images/looking_at_computer.jpg,0,3,leftEar,[231.79504299 270.52235508],0.7500370740890503
./images/looking_at_computer.jpg,0,4,rightEar,[202.96547508 200.4751873 ],0.43193644285202026
./images/looking_at_computer.jpg,0,5,leftShoulder,[322.33619475 261.01096249],0.7977246642112732
./images/looking_at_computer.jpg,0,6,rightShoulder,[254.71036911 145.53737736],0.09724248945713043
./images/looking_at_computer.jpg,0,7,leftElbow,[427.4926157  227.43802643],0.06298545002937317
./images/looking_at_computer.jpg,0,8,rightElbow,[336.15933326  72.12598133],0.9623454213142395
./images/looking_at_computer.jpg,0,9,leftWrist,[390.06971741 180.80702972],0.014345663599669933
./images/looking_at_computer.jpg,0,10,rightWrist,[396.57209563 108.54782581],0.5867483019828796
./images/looking_at_computer.jpg,0,11,leftHip,[462.86359954 178.85228324],0.02507551573216915
./images/looking_at_computer.jpg,0,12,rightHip,[426.60664701 109.66909313],0.130772203207016
./images/looking_at_computer.jpg,0,13,leftKnee,[478.86330509 161.77436078],0.013139795511960983
./images/looking_at_computer.jpg,0,14,rightKnee,[465.31704998 108.72150469],0.01188206858932972
./images/looking_at_computer.jpg,0,15,leftAnkle,[509.56656981 180.04961729],0.011216587387025356
./images/looking_at_computer.jpg,0,16,rightAnkle,[513.95725226 105.85830879],0.0008721506455913186
./images/skate_park.jpg,0,0,nose,[185.47374821 296.3901072 ],0.9864546060562134
./images/skate_park.jpg,0,1,leftEye,[179.15531731 303.10049457],0.9772626757621765
./images/skate_park.jpg,0,2,rightEye,[180.23193216 292.72077417],0.9695767164230347
./images/skate_park.jpg,0,3,leftEar,[179.94375229 316.6984584 ],0.9102129340171814
./images/skate_park.jpg,0,4,rightEar,[182.34351063 286.71996728],0.5775039196014404
./images/skate_park.jpg,0,5,leftShoulder,[210.86281562 332.56642185],0.9974476099014282
./images/skate_park.jpg,0,6,rightShoulder,[206.50884151 283.09405201],0.14176440238952637
./images/skate_park.jpg,0,7,leftElbow,[246.22421265 349.39248041],0.9639226198196411
./images/skate_park.jpg,0,8,rightElbow,[239.53738117 258.96013139],0.5417574644088745
./images/skate_park.jpg,0,9,leftWrist,[279.74452209 349.64179148],0.6656832098960876
./images/skate_park.jpg,0,10,rightWrist,[271.25182629 256.2134585 ],0.6756473183631897
./images/skate_park.jpg,0,11,leftHip,[287.21167564 329.06109894],0.8164618015289307
./images/skate_park.jpg,0,12,rightHip,[291.98564053 278.73582531],0.8015414476394653
./images/skate_park.jpg,0,13,leftKnee,[332.54309511 319.16315187],0.9809884428977966
./images/skate_park.jpg,0,14,rightKnee,[337.43830872 280.51763602],0.45870649814605713
./images/skate_park.jpg,0,15,leftAnkle,[381.06754589 316.39475407],0.8570853471755981
./images/skate_park.jpg,0,16,rightAnkle,[384.77396953 275.08735635],0.4556148648262024
./images/skate_park.jpg,1,0,nose,[ 97.58909476 475.84165505],0.9969488978385925
./images/skate_park.jpg,1,1,leftEye,[ 91.59127522 482.71181238],0.9957531690597534
./images/skate_park.jpg,1,2,rightEye,[ 92.55872989 472.37582052],0.9830841422080994
./images/skate_park.jpg,1,3,leftEar,[ 95.63740614 500.50686534],0.9723134636878967
./images/skate_park.jpg,1,4,rightEar,[ 99.24457026 470.14502954],0.17729902267456055
./images/skate_park.jpg,1,5,leftShoulder,[136.11437607 514.4214504 ],0.9896823763847351
./images/skate_park.jpg,1,6,rightShoulder,[137.41923237 468.09007461],0.9875332117080688
./images/skate_park.jpg,1,7,leftElbow,[191.01202297 517.7484273 ],0.7063127160072327
./images/skate_park.jpg,1,8,rightElbow,[188.87288284 463.80528041],0.710261344909668
./images/skate_park.jpg,1,9,leftWrist,[227.36915588 502.57777864],0.9215189218521118
./images/skate_park.jpg,1,10,rightWrist,[235.79767418 452.50562626],0.27282360196113586
./images/skate_park.jpg,1,11,leftHip,[237.57828617 499.55605498],0.5146914720535278
./images/skate_park.jpg,1,12,rightHip,[236.4233017  462.30435302],0.5645151138305664
./images/skate_park.jpg,1,13,leftKnee,[308.73886299 496.44644847],0.9338000416755676
./images/skate_park.jpg,1,14,rightKnee,[313.48986673 446.23663581],0.39189791679382324
./images/skate_park.jpg,1,15,leftAnkle,[376.90826511 502.54066907],0.8623521327972412
./images/skate_park.jpg,1,16,rightAnkle,[372.27797508 474.28044593],0.659548819065094
./images/skate_park.jpg,2,0,nose,[172.41687489  48.57347049],0.6971404552459717
./images/skate_park.jpg,2,1,leftEye,[169.56351042  52.2752778 ],0.9275233149528503
./images/skate_park.jpg,2,2,rightEye,[169.01653624  48.29650715],0.948614776134491
./images/skate_park.jpg,2,3,leftEar,[170.48853588  52.13118911],0.7849198579788208
./images/skate_park.jpg,2,4,rightEar,[169.86501837  42.28184775],0.8906058669090271
./images/skate_park.jpg,2,5,leftShoulder,[189.48152447  49.52409907],0.8994886875152588
./images/skate_park.jpg,2,6,rightShoulder,[187.71444988  30.65294465],0.9936153888702393
./images/skate_park.jpg,2,7,leftElbow,[211.87727547  59.79014134],0.7427154183387756
./images/skate_park.jpg,2,8,rightElbow,[209.93852997  23.94399786],0.7196838855743408
./images/skate_park.jpg,2,9,leftWrist,[223.8386104   49.05067799],0.9533510208129883
./images/skate_park.jpg,2,10,rightWrist,[218.6144824   31.47969472],0.9206889867782593
./images/skate_park.jpg,2,11,leftHip,[231.82981205  52.72890626],0.9521135687828064
./images/skate_park.jpg,2,12,rightHip,[233.93471289  34.25833972],0.9938291907310486
./images/skate_park.jpg,2,13,leftKnee,[265.55840302  48.30183052],0.977218508720398
./images/skate_park.jpg,2,14,rightKnee,[268.51753807  33.16436418],0.9779897332191467
./images/skate_park.jpg,2,15,leftAnkle,[307.10325122  50.59013648],0.9514750838279724
./images/skate_park.jpg,2,16,rightAnkle,[306.20276618  30.23279569],0.9749233722686768
./images/skate_park.jpg,3,0,nose,[143.98117034 216.32099348],0.9891964197158813
./images/skate_park.jpg,3,1,leftEye,[139.8876853  221.11191768],0.8931355476379395
./images/skate_park.jpg,3,2,rightEye,[139.48943233 215.89525608],0.9536580443382263
./images/skate_park.jpg,3,3,leftEar,[143.25413871 223.1691862 ],0.2697663903236389
./images/skate_park.jpg,3,4,rightEar,[138.84303951 208.23295745],0.8878365159034729
./images/skate_park.jpg,3,5,leftShoulder,[158.85487366 214.16584109],0.6449822783470154
./images/skate_park.jpg,3,6,rightShoulder,[160.71765316 197.76302216],0.9919518232345581
./images/skate_park.jpg,3,7,leftElbow,[173.7587328  224.10286111],0.5290573835372925
./images/skate_park.jpg,3,8,rightElbow,[168.13980293 208.11836879],0.8803658485412598
./images/skate_park.jpg,3,9,leftWrist,[170.74917126 231.07106224],0.7886310815811157
./images/skate_park.jpg,3,10,rightWrist,[175.40209579 223.63456193],0.6862895488739014
./images/skate_park.jpg,3,11,leftHip,[218.92570305 195.6926528 ],0.6575675010681152
./images/skate_park.jpg,3,12,rightHip,[218.4618187  194.97741413],0.6054039597511292
./images/skate_park.jpg,3,13,leftKnee,[259.73764157 183.58604263],0.7794322967529297
./images/skate_park.jpg,3,14,rightKnee,[259.78846955 183.81625355],0.8248110413551331
./images/skate_park.jpg,3,15,leftAnkle,[296.64260864 181.04706349],0.7798804044723511
./images/skate_park.jpg,3,16,rightAnkle,[301.00636911 193.06401829],0.43299001455307007
./images/skate_park.jpg,4,0,nose,[321.26817381 202.52172338],0.08976495265960693
./images/skate_park.jpg,4,1,leftEye,[318.12948751 205.49965878],0.19567133486270905
./images/skate_park.jpg,4,2,rightEye,[317.28564215 210.57634812],0.3074394464492798
./images/skate_park.jpg,4,3,leftEar,[324.52916145 192.9786897 ],0.45749467611312866
./images/skate_park.jpg,4,4,rightEar,[323.59003639 210.58513616],0.8953370451927185
./images/skate_park.jpg,4,5,leftShoulder,[351.50117084 178.25298083],0.9918447136878967
./images/skate_park.jpg,4,6,rightShoulder,[351.46766299 214.09347281],0.38941270112991333
./images/skate_park.jpg,4,7,leftElbow,[390.01672602 157.31925887],0.9781773090362549
./images/skate_park.jpg,4,8,rightElbow,[384.29710439 219.75561169],0.1296926736831665
./images/skate_park.jpg,4,9,leftWrist,[410.82982206 168.94139739],0.15561160445213318
./images/skate_park.jpg,4,10,rightWrist,[398.87630737 212.11888373],0.04752626270055771
./images/skate_park.jpg,4,11,leftHip,[437.39183903 187.990864  ],0.8842474818229675
./images/skate_park.jpg,4,12,rightHip,[437.41422892 216.18438996],0.9647082686424255
./images/skate_park.jpg,4,13,leftKnee,[492.29999709 176.87363216],0.435188353061676
./images/skate_park.jpg,4,14,rightKnee,[491.89521646 217.99336601],0.49579256772994995
./images/skate_park.jpg,4,15,leftAnkle,[519.64648676 172.4981772 ],0.07175227999687195
./images/skate_park.jpg,4,16,rightAnkle,[517.08187962 220.83580629],0.11210261285305023
./images/skate_park.jpg,5,0,nose,[158.38823795 119.50061414],0.6120297908782959
./images/skate_park.jpg,5,1,leftEye,[153.20138645 124.26045627],0.8267302513122559
./images/skate_park.jpg,5,2,rightEye,[153.928967   123.92757617],0.25405561923980713
./images/skate_park.jpg,5,3,leftEar,[157.12140751 128.53691016],0.8999614119529724
./images/skate_park.jpg,5,4,rightEar,[157.47387147 133.32535828],0.320410817861557
./images/skate_park.jpg,5,5,leftShoulder,[174.29595852 126.73905622],0.9234515428543091
./images/skate_park.jpg,5,6,rightShoulder,[172.75340557 144.3608938 ],0.9532762765884399
./images/skate_park.jpg,5,7,leftElbow,[198.46445179 128.42693992],0.8479413986206055
./images/skate_park.jpg,5,8,rightElbow,[197.3072629  148.30773152],0.7748914957046509
./images/skate_park.jpg,5,9,leftWrist,[212.42216873 118.7975308 ],0.9029032588005066
./images/skate_park.jpg,5,10,rightWrist,[210.02506614 136.66668873],0.7491899728775024
./images/skate_park.jpg,5,11,leftHip,[221.09822226 133.26976583],0.9909546971321106
./images/skate_park.jpg,5,12,rightHip,[221.35998821 143.43856168],0.9814478158950806
./images/skate_park.jpg,5,13,leftKnee,[260.68089294 122.87419145],0.9777076840400696
./images/skate_park.jpg,5,14,rightKnee,[259.13517189 140.49009291],0.9583694934844971
./images/skate_park.jpg,5,15,leftAnkle,[300.08111691 122.5357081 ],0.7340660095214844
./images/skate_park.jpg,5,16,rightAnkle,[304.57103741 133.54221848],0.805352509021759
./images/skate_park.jpg,6,0,nose,[190.3169452   16.67843804],0.9181627035140991
./images/skate_park.jpg,6,1,leftEye,[187.948524    18.55186714],0.8770551681518555
./images/skate_park.jpg,6,2,rightEye,[188.2312026   13.50014397],0.9629155993461609
./images/skate_park.jpg,6,3,leftEar,[187.28052282  23.77693241],0.6623166799545288
./images/skate_park.jpg,6,4,rightEar,[191.23534948  11.21846391],0.6111904382705688
./images/skate_park.jpg,6,5,leftShoulder,[199.84163475  27.07001082],0.8969541192054749
./images/skate_park.jpg,6,6,rightShoulder,[202.44791317  12.8661617 ],0.7764610052108765
./images/skate_park.jpg,6,7,leftElbow,[212.19405794  35.4670889 ],0.6623187065124512
./images/skate_park.jpg,6,8,rightElbow,[222.04271817  12.29480054],0.8454310894012451
./images/skate_park.jpg,6,9,leftWrist,[218.93784571  34.35179805],0.7382174730300903
./images/skate_park.jpg,6,10,rightWrist,[223.15755886  22.80525917],0.912838339805603
./images/skate_park.jpg,6,11,leftHip,[234.98856258  41.18773199],0.8953325748443604
./images/skate_park.jpg,6,12,rightHip,[239.97163963  29.37818949],0.5177457928657532
./images/skate_park.jpg,6,13,leftKnee,[269.17761898  52.43315149],0.9869192242622375
./images/skate_park.jpg,6,14,rightKnee,[266.63644409  25.30194545],0.9728771448135376
./images/skate_park.jpg,6,15,leftAnkle,[306.14852023  47.35163384],0.879502534866333
./images/skate_park.jpg,6,16,rightAnkle,[307.71372437  15.79569498],0.9294708967208862
./images/skate_park.jpg,7,0,nose,[155.75597572 177.4079738 ],0.5488057136535645
./images/skate_park.jpg,7,1,leftEye,[156.03248215 172.63152402],0.34910809993743896
./images/skate_park.jpg,7,2,rightEye,[153.39797878 179.31373272],0.4663560688495636
./images/skate_park.jpg,7,3,leftEar,[155.99172497 169.68683474],0.8164225816726685
./images/skate_park.jpg,7,4,rightEar,[152.67890024 181.14346151],0.8362549543380737
./images/skate_park.jpg,7,5,leftShoulder,[171.45686388 175.68222549],0.9543134570121765
./images/skate_park.jpg,7,6,rightShoulder,[165.89282513 189.71452765],0.947525680065155
./images/skate_park.jpg,7,7,leftElbow,[176.58693349 189.14826044],0.4713696837425232
./images/skate_park.jpg,7,8,rightElbow,[168.13980293 208.11836879],0.8803658485412598
./images/skate_park.jpg,7,9,leftWrist,[169.26247644 198.44084167],0.06947671622037888
./images/skate_park.jpg,7,10,rightWrist,[175.40209579 223.63456193],0.6862895488739014
./images/skate_park.jpg,7,11,leftHip,[218.41422844 177.80429093],0.9721317887306213
./images/skate_park.jpg,7,12,rightHip,[217.20565224 187.17632583],0.9533063769340515
./images/skate_park.jpg,7,13,leftKnee,[256.30234072 180.76857999],0.8811124563217163
./images/skate_park.jpg,7,14,rightKnee,[259.78846955 183.81625355],0.8248110413551331
./images/skate_park.jpg,7,15,leftAnkle,[292.02607059 172.09955353],0.9000680446624756
./images/skate_park.jpg,7,16,rightAnkle,[301.00636911 193.06401829],0.43299001455307007
./images/skate_park.jpg,8,0,nose,[275.06893086 416.30017406],0.3581962585449219
./images/skate_park.jpg,8,1,leftEye,[275.97786546 425.45086098],0.4609713852405548
./images/skate_park.jpg,8,2,rightEye,[276.64119244 416.65532003],0.6266916990280151
./images/skate_park.jpg,8,3,leftEar,[274.65469551 429.76973857],0.12544849514961243
./images/skate_park.jpg,8,4,rightEar,[276.81626511 410.58123063],0.3783724009990692
./images/skate_park.jpg,8,5,leftShoulder,[292.74080086 431.14720616],0.015404259786009789
./images/skate_park.jpg,8,6,rightShoulder,[290.72095466 400.29595204],0.1498088389635086
./images/skate_park.jpg,8,7,leftElbow,[328.85322237 428.13106938],0.009919395670294762
./images/skate_park.jpg,8,8,rightElbow,[314.05385017 394.63584462],0.17179647088050842
./images/skate_park.jpg,8,9,leftWrist,[349.03703856 420.98167202],0.0017753045540302992
./images/skate_park.jpg,8,10,rightWrist,[329.98705292 391.18827845],0.20149272680282593
./images/skate_park.jpg,8,11,leftHip,[353.8086009  417.26608505],0.04614672437310219
./images/skate_park.jpg,8,12,rightHip,[327.43247032 375.01735504],0.27284541726112366
./images/skate_park.jpg,8,13,leftKnee,[362.47896528 417.07568491],0.00353632983751595
./images/skate_park.jpg,8,14,rightKnee,[348.57333159 375.28325178],0.8890600800514221
./images/skate_park.jpg,8,15,leftAnkle,[376.33639765 427.83319572],0.09899571537971497
./images/skate_park.jpg,8,16,rightAnkle,[380.26353025 377.13528416],0.7582393288612366
./images/tennis_in_crowd.jpg,0,0,nose,[ 78.10431397 384.15476875],0.9903608560562134
./images/tennis_in_crowd.jpg,0,1,leftEye,[ 72.76974916 389.06745148],0.9772372245788574
./images/tennis_in_crowd.jpg,0,2,rightEye,[ 71.79345322 379.82240391],0.9725125432014465
./images/tennis_in_crowd.jpg,0,3,leftEar,[ 77.00834584 390.16608906],0.7377033829689026
./images/tennis_in_crowd.jpg,0,4,rightEar,[ 75.17225409 378.59880733],0.7655560970306396
./images/tennis_in_crowd.jpg,0,5,leftShoulder,[ 98.34538198 399.64070114],0.9955904483795166
./images/tennis_in_crowd.jpg,0,6,rightShoulder,[100.59476757 366.74006176],0.9931581616401672
./images/tennis_in_crowd.jpg,0,7,leftElbow,[122.13775253 403.01165175],0.8598173260688782
./images/tennis_in_crowd.jpg,0,8,rightElbow,[120.63321638 351.91382217],0.7745154500007629
./images/tennis_in_crowd.jpg,0,9,leftWrist,[116.47649384 391.13430262],0.8283939361572266
./images/tennis_in_crowd.jpg,0,10,rightWrist,[116.22237635 369.62383866],0.9508374929428101
./images/tennis_in_crowd.jpg,0,11,leftHip,[145.26058769 395.22771263],0.21103985607624054
./images/tennis_in_crowd.jpg,0,12,rightHip,[144.35655022 374.50753593],0.18607309460639954
./images/tennis_in_crowd.jpg,0,13,leftKnee,[152.41513586 397.84430003],0.14182592928409576
./images/tennis_in_crowd.jpg,0,14,rightKnee,[165.31285572 377.67641973],0.02655618265271187
./images/tennis_in_crowd.jpg,0,15,leftAnkle,[182.01534748 401.88123298],0.022467315196990967
./images/tennis_in_crowd.jpg,0,16,rightAnkle,[188.52336454 368.26170275],0.012315033935010433
./images/tennis_in_crowd.jpg,1,0,nose,[ 74.70894575 247.81812668],0.9881211519241333
./images/tennis_in_crowd.jpg,1,1,leftEye,[ 71.23105383 253.46771383],0.9704681038856506
./images/tennis_in_crowd.jpg,1,2,rightEye,[ 70.32478046 242.22183919],0.9861280918121338
./images/tennis_in_crowd.jpg,1,3,leftEar,[ 72.84886742 263.08149004],0.8402988910675049
./images/tennis_in_crowd.jpg,1,4,rightEar,[ 77.8542347  232.84259558],0.8771623373031616
./images/tennis_in_crowd.jpg,1,5,leftShoulder,[ 96.06291429 284.68869472],0.9873513579368591
./images/tennis_in_crowd.jpg,1,6,rightShoulder,[110.38789475 234.1195631 ],0.9927608966827393
./images/tennis_in_crowd.jpg,1,7,leftElbow,[114.03540778 317.65996456],0.7155110239982605
./images/tennis_in_crowd.jpg,1,8,rightElbow,[151.417943   245.29449511],0.9736492037773132
./images/tennis_in_crowd.jpg,1,9,leftWrist,[108.48943424 326.59286451],0.2511467933654785
./images/tennis_in_crowd.jpg,1,10,rightWrist,[187.03129196 255.23793602],0.8528416156768799
./images/tennis_in_crowd.jpg,1,11,leftHip,[194.15572166 287.58958319],0.9173830151557922
./images/tennis_in_crowd.jpg,1,12,rightHip,[209.9880898  249.75083447],0.9482669830322266
./images/tennis_in_crowd.jpg,1,13,leftKnee,[280.07471275 310.92818642],0.6092554330825806
./images/tennis_in_crowd.jpg,1,14,rightKnee,[285.59778023 206.71904564],0.7841804027557373
./images/tennis_in_crowd.jpg,1,15,leftAnkle,[361.50746441 290.2716341 ],0.8637616634368896
./images/tennis_in_crowd.jpg,1,16,rightAnkle,[356.25051689 205.57950759],0.567704439163208
./images/tennis_in_crowd.jpg,2,0,nose,[ 76.67773652 481.02132988],0.7459688782691956
./images/tennis_in_crowd.jpg,2,1,leftEye,[ 67.6514473 483.5667305],0.9279113411903381
./images/tennis_in_crowd.jpg,2,2,rightEye,[ 67.22221661 475.30763245],0.9313990473747253
./images/tennis_in_crowd.jpg,2,3,leftEar,[ 72.06171608 486.23951721],0.5549826622009277
./images/tennis_in_crowd.jpg,2,4,rightEar,[ 71.28034306 472.59673882],0.7512719035148621
./images/tennis_in_crowd.jpg,2,5,leftShoulder,[ 92.3485055 488.16643  ],0.9635930061340332
./images/tennis_in_crowd.jpg,2,6,rightShoulder,[ 91.50614738 458.58355093],0.9922838807106018
./images/tennis_in_crowd.jpg,2,7,leftElbow,[115.03146505 495.70664215],0.5660179853439331
./images/tennis_in_crowd.jpg,2,8,rightElbow,[114.41738486 455.74428844],0.8629741072654724
./images/tennis_in_crowd.jpg,2,9,leftWrist,[124.18447781 483.6859746 ],0.41739144921302795
./images/tennis_in_crowd.jpg,2,10,rightWrist,[124.11106229 473.9443965 ],0.17018702626228333
./images/tennis_in_crowd.jpg,2,11,leftHip,[131.46785998 483.90260077],0.6957798004150391
./images/tennis_in_crowd.jpg,2,12,rightHip,[129.75477052 464.07996372],0.782369077205658
./images/tennis_in_crowd.jpg,2,13,leftKnee,[151.60125351 483.76834726],0.5256184339523315
./images/tennis_in_crowd.jpg,2,14,rightKnee,[139.16529894 463.25405025],0.7087591290473938
./images/tennis_in_crowd.jpg,2,15,leftAnkle,[180.56446838 484.47631025],0.12689606845378876
./images/tennis_in_crowd.jpg,2,16,rightAnkle,[170.9715271  463.90902455],0.26681068539619446
./images/tennis_in_crowd.jpg,3,0,nose,[ 49.80108941 150.4621563 ],0.8663492202758789
./images/tennis_in_crowd.jpg,3,1,leftEye,[ 44.86059999 141.62394857],0.930383563041687
./images/tennis_in_crowd.jpg,3,2,rightEye,[ 45.40008926 133.73052025],0.9627174735069275
./images/tennis_in_crowd.jpg,3,3,leftEar,[ 44.7433331  145.64050734],0.37611743807792664
./images/tennis_in_crowd.jpg,3,4,rightEar,[ 49.80603504 127.14005506],0.8735781908035278
./images/tennis_in_crowd.jpg,3,5,leftShoulder,[ 67.63308811 152.33152866],0.9697400331497192
./images/tennis_in_crowd.jpg,3,6,rightShoulder,[ 69.68748665 117.70226955],0.9823905229568481
./images/tennis_in_crowd.jpg,3,7,leftElbow,[ 92.83878875 165.89405441],0.7793664336204529
./images/tennis_in_crowd.jpg,3,8,rightElbow,[ 96.21210957 116.4400425 ],0.25642305612564087
./images/tennis_in_crowd.jpg,3,9,leftWrist,[ 90.34987259 155.93509579],0.5711148977279663
./images/tennis_in_crowd.jpg,3,10,rightWrist,[ 95.94347    147.59141922],0.10744600743055344
./images/tennis_in_crowd.jpg,3,11,leftHip,[110.50900698 138.38971233],0.43463772535324097
./images/tennis_in_crowd.jpg,3,12,rightHip,[114.09969234 119.20600796],0.34026259183883667
./images/tennis_in_crowd.jpg,3,13,leftKnee,[123.71122503 147.17891431],0.6831538677215576
./images/tennis_in_crowd.jpg,3,14,rightKnee,[122.67446375 141.30917454],0.47983479499816895
./images/tennis_in_crowd.jpg,3,15,leftAnkle,[156.85633063 142.37606788],0.2789158821105957
./images/tennis_in_crowd.jpg,3,16,rightAnkle,[156.40522432 139.30667162],0.1697923094034195
./images/tennis_in_crowd.jpg,4,0,nose,[14.50993407 92.02805591],0.9617224931716919
./images/tennis_in_crowd.jpg,4,1,leftEye,[ 7.18940449 93.48091912],0.8939410448074341
./images/tennis_in_crowd.jpg,4,2,rightEye,[ 8.88281298 86.03254223],0.9358401298522949
./images/tennis_in_crowd.jpg,4,3,leftEar,[ 9.99600458 96.73720378],0.46202757954597473
./images/tennis_in_crowd.jpg,4,4,rightEar,[11.53461742 82.35231352],0.8350619077682495
./images/tennis_in_crowd.jpg,4,5,leftShoulder,[ 32.00403786 105.04808903],0.7669668197631836
./images/tennis_in_crowd.jpg,4,6,rightShoulder,[37.96614218 69.69130325],0.9775329232215881
./images/tennis_in_crowd.jpg,4,7,leftElbow,[ 53.97398853 110.4784441 ],0.7970016598701477
./images/tennis_in_crowd.jpg,4,8,rightElbow,[69.67829227 76.99214315],0.5128673315048218
./images/tennis_in_crowd.jpg,4,9,leftWrist,[ 66.50362158 101.19523716],0.8255999088287354
./images/tennis_in_crowd.jpg,4,10,rightWrist,[63.04042655 83.13105822],0.6176869869232178
./images/tennis_in_crowd.jpg,4,11,leftHip,[71.0507822  91.91260242],0.4456271827220917
./images/tennis_in_crowd.jpg,4,12,rightHip,[82.65981579 72.32232952],0.5329182147979736
./images/tennis_in_crowd.jpg,4,13,leftKnee,[79.13718992 98.88568044],0.8065522313117981
./images/tennis_in_crowd.jpg,4,14,rightKnee,[76.89432907 74.21767139],0.8757598996162415
./images/tennis_in_crowd.jpg,4,15,leftAnkle,[113.68217063  94.36179578],0.2440723329782486
./images/tennis_in_crowd.jpg,4,16,rightAnkle,[113.83962488  76.66410947],0.39763760566711426
./images/tennis_in_crowd.jpg,5,0,nose,[ 90.25913143 200.63835812],0.7403605580329895
./images/tennis_in_crowd.jpg,5,1,leftEye,[ 80.88187408 202.45980263],0.6712742447853088
./images/tennis_in_crowd.jpg,5,2,rightEye,[ 83.68008423 197.74721241],0.9724811911582947
./images/tennis_in_crowd.jpg,5,3,leftEar,[ 84.67830658 208.21622534],0.7500067353248596
./images/tennis_in_crowd.jpg,5,4,rightEar,[ 87.40366268 184.05662918],0.6806636452674866
./images/tennis_in_crowd.jpg,5,5,leftShoulder,[100.78769016 207.44854736],0.6012819409370422
./images/tennis_in_crowd.jpg,5,6,rightShoulder,[ 98.90211964 172.18160915],0.016594501212239265
./images/tennis_in_crowd.jpg,5,7,leftElbow,[121.30617905 225.58251929],0.42393359541893005
./images/tennis_in_crowd.jpg,5,8,rightElbow,[111.94730949 173.89021206],0.25689253211021423
./images/tennis_in_crowd.jpg,5,9,leftWrist,[114.1252327  214.29019356],0.1595625877380371
./images/tennis_in_crowd.jpg,5,10,rightWrist,[ 95.93207169 177.48087764],0.5848827362060547
./images/tennis_in_crowd.jpg,5,11,leftHip,[146.24264717 207.62680724],0.04551224783062935
./images/tennis_in_crowd.jpg,5,12,rightHip,[139.30008125 184.81394577],0.010155033320188522
./images/tennis_in_crowd.jpg,5,13,leftKnee,[154.58953953 204.83205914],0.11638311296701431
./images/tennis_in_crowd.jpg,5,14,rightKnee,[138.03152466 176.01449369],0.1617741584777832
./images/tennis_in_crowd.jpg,5,15,leftAnkle,[190.83106494 217.86237526],0.017100738361477852
./images/tennis_in_crowd.jpg,5,16,rightAnkle,[160.81064957 174.44876564],0.11461643129587173
./images/tennis_in_crowd.jpg,6,0,nose,[71.50678921 43.37435913],0.8676673769950867
./images/tennis_in_crowd.jpg,6,1,leftEye,[68.16384697 46.24461567],0.8790814876556396
./images/tennis_in_crowd.jpg,6,2,rightEye,[72.39630795 41.82982445],0.9692817330360413
./images/tennis_in_crowd.jpg,6,3,leftEar,[69.80300808 49.84957814],0.48526662588119507
./images/tennis_in_crowd.jpg,6,4,rightEar,[70.94247437 33.28787434],0.7611668109893799
./images/tennis_in_crowd.jpg,6,5,leftShoulder,[97.80988216 39.62085533],0.01617439277470112
./images/tennis_in_crowd.jpg,6,6,rightShoulder,[89.84969187 24.45814514],0.8350858092308044
./images/tennis_in_crowd.jpg,6,7,leftElbow,[112.51342618  61.13555336],0.3728019893169403
./images/tennis_in_crowd.jpg,6,8,rightElbow,[114.58649111  25.54019165],0.41163966059684753
./images/tennis_in_crowd.jpg,6,9,leftWrist,[118.13196278  53.71542263],0.08689401298761368
./images/tennis_in_crowd.jpg,6,10,rightWrist,[125.28322721  35.20666599],0.15794016420841217
./images/tennis_in_crowd.jpg,6,11,leftHip,[133.76750183  42.08259106],0.1943640261888504
./images/tennis_in_crowd.jpg,6,12,rightHip,[128.88992912  26.93154144],0.2817649841308594
./images/tennis_in_crowd.jpg,6,13,leftKnee,[136.53123188  54.41947174],0.28598660230636597
./images/tennis_in_crowd.jpg,6,14,rightKnee,[141.30737233  35.39825869],0.3199937343597412
./images/tennis_in_crowd.jpg,6,15,leftAnkle,[165.59683418  50.23539495],0.18522992730140686
./images/tennis_in_crowd.jpg,6,16,rightAnkle,[168.84414864  28.7196815 ],0.12283827364444733
./images/tennis_in_crowd.jpg,7,0,nose,[ 73.87871933 329.29941893],0.9631788730621338
./images/tennis_in_crowd.jpg,7,1,leftEye,[ 68.731534   332.05553412],0.9004756808280945
./images/tennis_in_crowd.jpg,7,2,rightEye,[ 70.53687477 326.51046658],0.9403437376022339
./images/tennis_in_crowd.jpg,7,3,leftEar,[ 72.95751476 336.9290995 ],0.43378379940986633
./images/tennis_in_crowd.jpg,7,4,rightEar,[ 73.50373125 319.18856049],0.8456690311431885
./images/tennis_in_crowd.jpg,7,5,leftShoulder,[ 92.15293407 325.70351505],0.46632638573646545
./images/tennis_in_crowd.jpg,7,6,rightShoulder,[ 89.87038708 312.85603714],0.5386595129966736
./images/tennis_in_crowd.jpg,7,7,leftElbow,[117.68152666 338.80471182],0.8232983946800232
./images/tennis_in_crowd.jpg,7,8,rightElbow,[114.88242269 320.10257801],0.8112305402755737
./images/tennis_in_crowd.jpg,7,9,leftWrist,[114.92188072 358.95318508],0.8094159960746765
./images/tennis_in_crowd.jpg,7,10,rightWrist,[112.21054873 353.13681793],0.5663174390792847
./images/tennis_in_crowd.jpg,7,11,leftHip,[143.80077535 314.71374941],0.14257170259952545
./images/tennis_in_crowd.jpg,7,12,rightHip,[143.74775866 321.60368502],0.23691736161708832
./images/tennis_in_crowd.jpg,7,13,leftKnee,[177.61989188 309.17601109],0.023180264979600906
./images/tennis_in_crowd.jpg,7,14,rightKnee,[169.9901123  335.03849578],0.037775918841362
./images/tennis_in_crowd.jpg,7,15,leftAnkle,[243.24820304 299.5316    ],0.0016622047405689955
./images/tennis_in_crowd.jpg,7,16,rightAnkle,[205.20951366 336.26862153],0.0029054456390440464
./images/tennis_in_crowd.jpg,8,0,nose,[ 13.13483715 232.85069084],0.9121236801147461
./images/tennis_in_crowd.jpg,8,1,leftEye,[  2.49552822 231.83496189],0.8540706038475037
./images/tennis_in_crowd.jpg,8,2,rightEye,[  9.2088604  229.10501766],0.9618210792541504
./images/tennis_in_crowd.jpg,8,3,leftEar,[ 10.43960667 233.55919647],0.3269769847393036
./images/tennis_in_crowd.jpg,8,4,rightEar,[ 10.11926842 220.95584059],0.7533856630325317
./images/tennis_in_crowd.jpg,8,5,leftShoulder,[ 20.92795372 243.15117645],0.2654590606689453
./images/tennis_in_crowd.jpg,8,6,rightShoulder,[ 16.66578674 189.85544133],0.2638932764530182
./images/tennis_in_crowd.jpg,8,7,leftElbow,[ 51.02489066 254.01825595],0.7167991399765015
./images/tennis_in_crowd.jpg,8,8,rightElbow,[ 45.13790035 167.55591869],0.3005000650882721
./images/tennis_in_crowd.jpg,8,9,leftWrist,[ 60.29859591 244.45046091],0.613418459892273
./images/tennis_in_crowd.jpg,8,10,rightWrist,[ 54.53751421 180.46202898],0.6786075234413147
./images/tennis_in_crowd.jpg,8,11,leftHip,[ 67.8188622  244.59547186],0.8949643969535828
./images/tennis_in_crowd.jpg,8,12,rightHip,[ 61.43626595 186.14357138],0.1345910131931305
./images/tennis_in_crowd.jpg,8,13,leftKnee,[ 96.01387258 257.37737334],0.37816256284713745
./images/tennis_in_crowd.jpg,8,14,rightKnee,[ 67.3643713  174.20137024],0.2157282829284668
./images/tennis_in_crowd.jpg,8,15,leftAnkle,[125.40338397 256.84822243],0.2035672664642334
./images/tennis_in_crowd.jpg,8,16,rightAnkle,[ 98.26967931 179.93305492],0.14448322355747223
./images/tennis_in_crowd.jpg,9,0,nose,[ 15.20190734 278.58076096],0.8786125779151917
./images/tennis_in_crowd.jpg,9,1,leftEye,[  9.84889078 279.59279346],0.8706001043319702
./images/tennis_in_crowd.jpg,9,2,rightEye,[ 11.78691101 279.22097921],0.7966521978378296
./images/tennis_in_crowd.jpg,9,3,leftEar,[ 17.80297661 281.18734741],0.4034707248210907
./images/tennis_in_crowd.jpg,9,4,rightEar,[ 14.05307174 269.70015907],0.2723233997821808
./images/tennis_in_crowd.jpg,9,5,leftShoulder,[ 32.18579483 294.40439415],0.7843903303146362
./images/tennis_in_crowd.jpg,9,6,rightShoulder,[ 14.88864899 266.06085777],0.15888194739818573
./images/tennis_in_crowd.jpg,9,7,leftElbow,[ 56.64485073 299.881145  ],0.8246191143989563
./images/tennis_in_crowd.jpg,9,8,rightElbow,[ 48.57006073 257.17673779],0.5177325010299683
./images/tennis_in_crowd.jpg,9,9,leftWrist,[ 62.99542046 287.30884665],0.6600587964057922
./images/tennis_in_crowd.jpg,9,10,rightWrist,[ 62.92661536 272.48007646],0.7224907875061035
./images/tennis_in_crowd.jpg,9,11,leftHip,[ 70.95881176 288.99157923],0.9481146931648254
./images/tennis_in_crowd.jpg,9,12,rightHip,[ 60.71049309 266.70557022],0.2969183325767517
./images/tennis_in_crowd.jpg,9,13,leftKnee,[101.29684258 289.54334354],0.619450569152832
./images/tennis_in_crowd.jpg,9,14,rightKnee,[ 84.65874052 272.57787615],0.5269209146499634
./images/tennis_in_crowd.jpg,9,15,leftAnkle,[118.34289837 308.18649769],0.21318767964839935
./images/tennis_in_crowd.jpg,9,16,rightAnkle,[103.94663334 278.34781837],0.5038722157478333
./images/skiing.jpg,0,0,nose,[245.2124629  355.06759763],0.16531981527805328
./images/skiing.jpg,0,1,leftEye,[245.11038733 347.02401686],0.0776682123541832
./images/skiing.jpg,0,2,rightEye,[244.87794685 359.09240532],0.13503539562225342
./images/skiing.jpg,0,3,leftEar,[248.31516981 336.69107246],0.49868714809417725
./images/skiing.jpg,0,4,rightEar,[246.05411625 358.58683872],0.877038836479187
./images/skiing.jpg,0,5,leftShoulder,[267.36661625 326.22475052],0.6955718398094177
./images/skiing.jpg,0,6,rightShoulder,[263.85080528 364.90828323],0.8519819378852844
./images/skiing.jpg,0,7,leftElbow,[286.82529736 310.71831608],0.6766678094863892
./images/skiing.jpg,0,8,rightElbow,[277.99938011 387.70686722],0.9514049887657166
./images/skiing.jpg,0,9,leftWrist,[301.24370289 295.73997211],0.9016576409339905
./images/skiing.jpg,0,10,rightWrist,[286.64574015 398.29948235],0.8904010653495789
./images/skiing.jpg,0,11,leftHip,[322.49857783 346.05391502],0.900359034538269
./images/skiing.jpg,0,12,rightHip,[318.61673212 366.11013222],0.9931671023368835
./images/skiing.jpg,0,13,leftKnee,[359.13103676 365.40057659],0.6121271848678589
./images/skiing.jpg,0,14,rightKnee,[357.35866737 377.16288948],0.8416226506233215
./images/skiing.jpg,0,15,leftAnkle,[387.7252512  399.20764256],0.22441476583480835
./images/skiing.jpg,0,16,rightAnkle,[386.86335468 385.42934883],0.18093858659267426
./images/snowboard.jpg,0,0,nose,[187.54306889 107.15016174],0.8680103421211243
./images/snowboard.jpg,0,1,leftEye,[184.27250481 107.53147602],0.8518275618553162
./images/snowboard.jpg,0,2,rightEye,[185.10345459 106.08385181],0.8983314037322998
./images/snowboard.jpg,0,3,leftEar,[182.75771236 114.38202906],0.822602391242981
./images/snowboard.jpg,0,4,rightEar,[184.39491796 104.55234241],0.6497480273246765
./images/snowboard.jpg,0,5,leftShoulder,[188.38811278 129.01334739],0.9847212433815002
./images/snowboard.jpg,0,6,rightShoulder,[192.46391034 101.61839008],0.9782455563545227
./images/snowboard.jpg,0,7,leftElbow,[195.63622689 148.96470928],0.842303454875946
./images/snowboard.jpg,0,8,rightElbow,[215.10292482  98.32326126],0.8440972566604614
./images/snowboard.jpg,0,9,leftWrist,[201.13856697 170.52446079],0.5950677394866943
./images/snowboard.jpg,0,10,rightWrist,[227.89771843  95.14983541],0.4095439314842224
./images/snowboard.jpg,0,11,leftHip,[217.38060474 136.12385559],0.9258015155792236
./images/snowboard.jpg,0,12,rightHip,[220.20206594 110.55266821],0.9127195477485657
./images/snowboard.jpg,0,13,leftKnee,[232.48948145 136.99143219],0.8727710247039795
./images/snowboard.jpg,0,14,rightKnee,[231.52160168 103.1305933 ],0.7529866695404053
./images/snowboard.jpg,0,15,leftAnkle,[266.77960396 140.79656172],0.9094346761703491
./images/snowboard.jpg,0,16,rightAnkle,[257.36070824  98.90899372],0.7365103363990784
./images/with_computer.jpg,0,0,nose,[139.76061821 235.82400322],0.9950926303863525
./images/with_computer.jpg,0,1,leftEye,[103.73697376 276.34019423],0.9984733462333679
./images/with_computer.jpg,0,2,rightEye,[112.83098894 207.04303735],0.9990291595458984
./images/with_computer.jpg,0,3,leftEar,[121.28463221 326.70668888],0.5409590601921082
./images/with_computer.jpg,0,4,rightEar,[138.47899723 176.27011418],0.841780424118042
./images/with_computer.jpg,0,5,leftShoulder,[296.43359375 384.18041274],0.26471540331840515
./images/with_computer.jpg,0,6,rightShoulder,[280.92253304 139.22855186],0.05224478244781494
./images/with_computer.jpg,0,7,leftElbow,[474.66880941 414.35041809],0.11706208437681198
./images/with_computer.jpg,0,8,rightElbow,[434.34039688  26.35077477],0.015616350807249546
./images/with_computer.jpg,0,9,leftWrist,[513.18036008 374.95750809],0.06532235443592072
./images/with_computer.jpg,0,10,rightWrist,[406.43884706  80.38836479],0.5428980588912964
./images/with_computer.jpg,0,11,leftHip,[506.25139904 344.4572897 ],0.002380148507654667
./images/with_computer.jpg,0,12,rightHip,[504.38006401 150.24281502],0.0011551022762432694
./images/with_computer.jpg,0,13,leftKnee,[518.82417345 338.91866136],0.0010998521465808153
./images/with_computer.jpg,0,14,rightKnee,[518.42358875 142.76946187],0.0027411922346800566
./images/with_computer.jpg,0,15,leftAnkle,[512.82585549 362.95895386],0.0015824114670976996
./images/with_computer.jpg,0,16,rightAnkle,[513.5754745  141.75920272],0.0007807791698724031
./images/backpackman.jpg,0,0,nose,[132.00581646 218.58110905],0.03583391010761261
./images/backpackman.jpg,0,1,leftEye,[121.51003742 211.64982224],0.04108770564198494
./images/backpackman.jpg,0,2,rightEye,[120.86883688 211.14612198],0.03128117695450783
./images/backpackman.jpg,0,3,leftEar,[126.4940989  201.30727959],0.36958539485931396
./images/backpackman.jpg,0,4,rightEar,[125.92178512 229.45431709],0.19674557447433472
./images/backpackman.jpg,0,5,leftShoulder,[170.70836687 200.97718048],0.06081274151802063
./images/backpackman.jpg,0,6,rightShoulder,[165.44843149 255.94847058],0.9840166568756104
./images/backpackman.jpg,0,7,leftElbow,[228.82809305 169.98349094],0.9738179445266724
./images/backpackman.jpg,0,8,rightElbow,[227.57273078 280.37691689],0.9411400556564331
./images/backpackman.jpg,0,9,leftWrist,[283.28266048 151.37251377],0.941711962223053
./images/backpackman.jpg,0,10,rightWrist,[266.82686234 273.33810484],0.852056622505188
./images/backpackman.jpg,0,11,leftHip,[284.62180328 197.301373  ],0.723854660987854
./images/backpackman.jpg,0,12,rightHip,[281.20369101 245.20700169],0.8764078617095947
./images/backpackman.jpg,0,13,leftKnee,[370.32937789 205.21275425],0.9443299770355225
./images/backpackman.jpg,0,14,rightKnee,[359.08733749 252.60545778],0.040883153676986694
./images/backpackman.jpg,0,15,leftAnkle,[455.70254278 208.49102211],0.6438460946083069
./images/backpackman.jpg,0,16,rightAnkle,[433.25303268 245.51918507],0.4547578990459442
./images/frisbee.jpg,0,0,nose,[173.04099917 248.48005104],0.9795531630516052
./images/frisbee.jpg,0,1,leftEye,[165.47280216 249.20209885],0.452060341835022
./images/frisbee.jpg,0,2,rightEye,[166.33882999 243.79254055],0.9720727801322937
./images/frisbee.jpg,0,3,leftEar,[172.47950506 248.75708246],0.027039354667067528
./images/frisbee.jpg,0,4,rightEar,[172.76696372 227.96221256],0.9587669968605042
./images/frisbee.jpg,0,5,leftShoulder,[201.21868992 192.90274048],0.8413615226745605
./images/frisbee.jpg,0,6,rightShoulder,[206.13131082 238.58671069],0.9869037866592407
./images/frisbee.jpg,0,7,leftElbow,[228.34302902 171.57278824],0.4285612106323242
./images/frisbee.jpg,0,8,rightElbow,[241.4596355 282.6356163],0.15212653577327728
./images/frisbee.jpg,0,9,leftWrist,[232.9426465  156.90374088],0.4976840019226074
./images/frisbee.jpg,0,10,rightWrist,[245.3421936  339.27980161],0.4467153251171112
./images/frisbee.jpg,0,11,leftHip,[283.75121355 167.28580189],0.9057860970497131
./images/frisbee.jpg,0,12,rightHip,[298.82932091 199.86879635],0.9259573817253113
./images/frisbee.jpg,0,13,leftKnee,[347.9615159  144.27006149],0.8798549175262451
./images/frisbee.jpg,0,14,rightKnee,[356.93194389 236.33283114],0.9708045125007629
./images/frisbee.jpg,0,15,leftAnkle,[402.42656898  99.55912685],0.4843662977218628
./images/frisbee.jpg,0,16,rightAnkle,[415.6818409  259.09026575],0.6748050451278687
./images/tennis.jpg,0,0,nose,[ 80.58167362 175.10004765],0.9921697974205017
./images/tennis.jpg,0,1,leftEye,[ 73.91904068 166.10497284],0.5054110884666443
./images/tennis.jpg,0,2,rightEye,[ 75.38377953 155.45438576],0.9682513475418091
./images/tennis.jpg,0,3,leftEar,[ 95.38551819 171.37310696],0.016364051029086113
./images/tennis.jpg,0,4,rightEar,[106.25593376 129.18384111],0.9788417220115662
./images/tennis.jpg,0,5,leftShoulder,[158.47597134 145.39987636],0.4067781865596771
./images/tennis.jpg,0,6,rightShoulder,[158.42301369 138.82570553],0.4898770749568939
./images/tennis.jpg,0,7,leftElbow,[190.10144997 220.85292816],0.009281438775360584
./images/tennis.jpg,0,8,rightElbow,[192.4760952 252.2562027],0.1036233901977539
./images/tennis.jpg,0,9,leftWrist,[175.05538607 302.75357151],0.0294599961489439
./images/tennis.jpg,0,10,rightWrist,[163.04780173 336.9090786 ],0.19293063879013062
./images/tennis.jpg,0,11,leftHip,[339.92216682 142.50001359],0.12413296848535538
./images/tennis.jpg,0,12,rightHip,[342.12184143 144.88369286],0.23800818622112274
./images/tennis.jpg,0,13,leftKnee,[505.52272034 194.60913277],0.025396980345249176
./images/tennis.jpg,0,14,rightKnee,[500.12735653 207.71481323],0.3017810881137848
./images/tennis.jpg,0,15,leftAnkle,[517.99941158 210.90138626],0.00868680328130722
./images/tennis.jpg,0,16,rightAnkle,[515.02562475 215.07732391],0.010795194655656815
./images/kyte.jpg,0,0,nose,[199.42389011 331.95036602],0.05285131558775902
./images/kyte.jpg,0,1,leftEye,[197.1747117  330.94688606],0.08910349756479263
./images/kyte.jpg,0,2,rightEye,[197.88493538 341.33287144],0.027099143713712692
./images/kyte.jpg,0,3,leftEar,[201.44101238 326.69204617],0.9397652745246887
./images/kyte.jpg,0,4,rightEar,[201.41677713 357.45320892],0.17801082134246826
./images/kyte.jpg,0,5,leftShoulder,[242.59955812 312.53937817],0.983037531375885
./images/kyte.jpg,0,6,rightShoulder,[242.76781869 378.04928398],0.27320975065231323
./images/kyte.jpg,0,7,leftElbow,[277.37205124 278.32892084],0.9799842238426208
./images/kyte.jpg,0,8,rightElbow,[285.89476585 402.66544294],0.8133141398429871
./images/kyte.jpg,0,9,leftWrist,[294.02405167 305.75979507],0.28877052664756775
./images/kyte.jpg,0,10,rightWrist,[295.93153667 379.99436569],0.40081214904785156
./images/kyte.jpg,0,11,leftHip,[350.47595096 325.25781059],0.626832127571106
./images/kyte.jpg,0,12,rightHip,[357.85867691 368.73095036],0.728384256362915
./images/kyte.jpg,0,13,leftKnee,[437.87171507 334.77485371],0.9050695300102234
./images/kyte.jpg,0,14,rightKnee,[424.01762724 372.89570332],0.802442729473114
./images/kyte.jpg,0,15,leftAnkle,[513.31047499 339.95142555],0.4742540121078491
./images/kyte.jpg,0,16,rightAnkle,[502.39769506 375.14500523],0.3965878188610077
./images/soccer.png,0,0,nose,[ 46.66096556 308.00786924],0.9991204142570496
./images/soccer.png,0,1,leftEye,[ 40.26837635 316.74228716],0.9979549646377563
./images/soccer.png,0,2,rightEye,[ 39.25072479 300.95543933],0.9955509901046753
./images/soccer.png,0,3,leftEar,[ 47.88029895 329.68288326],0.8906177282333374
./images/soccer.png,0,4,rightEar,[ 46.51622188 291.97311306],0.5860880613327026
./images/soccer.png,0,5,leftShoulder,[ 98.01967382 346.67434216],0.9949544072151184
./images/soccer.png,0,6,rightShoulder,[100.87524605 279.13925648],0.9853426218032837
./images/soccer.png,0,7,leftElbow,[150.68507099 378.980299  ],0.05155409872531891
./images/soccer.png,0,8,rightElbow,[163.34270215 268.83613968],0.5008736252784729
./images/soccer.png,0,9,leftWrist,[150.20157051 349.21769428],0.9188210368156433
./images/soccer.png,0,10,rightWrist,[165.33913279 272.12240477],0.9074699878692627
./images/soccer.png,0,11,leftHip,[216.47590494 348.42046356],0.8465330004692078
./images/soccer.png,0,12,rightHip,[211.20530176 292.58645153],0.9507818818092346
./images/soccer.png,0,13,leftKnee,[308.63142776 341.22561455],0.9779258966445923
./images/soccer.png,0,14,rightKnee,[295.54399872 293.90937042],0.9415066838264465
./images/soccer.png,0,15,leftAnkle,[350.17014647 370.25393105],0.33108755946159363
./images/soccer.png,0,16,rightAnkle,[382.68495572 297.88106632],0.4804183542728424
./images/soccer.png,1,0,nose,[ 98.22023082 150.4784112 ],0.9927640557289124
./images/soccer.png,1,1,leftEye,[ 87.32186317 157.25323248],0.9870756268501282
./images/soccer.png,1,2,rightEye,[ 87.72028351 151.34714985],0.40110331773757935
./images/soccer.png,1,3,leftEar,[ 91.22386599 188.23674202],0.9588703513145447
./images/soccer.png,1,4,rightEar,[ 90.35657454 153.97281075],0.005041597411036491
./images/soccer.png,1,5,leftShoulder,[128.64626694 209.65583611],0.7973360419273376
./images/soccer.png,1,6,rightShoulder,[137.69175148 190.40809059],0.06331668049097061
./images/soccer.png,1,7,leftElbow,[196.14074898 179.83028889],0.6481154561042786
./images/soccer.png,1,8,rightElbow,[190.88159585 158.41523075],0.5989730954170227
./images/soccer.png,1,9,leftWrist,[230.36682034 129.31045151],0.37226852774620056
./images/soccer.png,1,10,rightWrist,[232.21938324 132.4496603 ],0.4220810830593109
./images/soccer.png,1,11,leftHip,[258.09698963 191.69066957],0.8543325662612915
./images/soccer.png,1,12,rightHip,[254.09298956 157.80045509],0.06672296673059464
./images/soccer.png,1,13,leftKnee,[369.56092262 183.84558773],0.5676335692405701
./images/soccer.png,1,14,rightKnee,[345.87999153  94.48618889],0.5639066100120544
./images/soccer.png,1,15,leftAnkle,[452.47215223 231.71699715],0.03607446327805519
./images/soccer.png,1,16,rightAnkle,[414.19413185  68.15142632],0.1317809373140335
./images/riding_elephant.jpg,0,0,nose,[ 75.62192822 330.17661428],0.9842759370803833
./images/riding_elephant.jpg,0,1,leftEye,[ 71.39042568 332.81384516],0.932222306728363
./images/riding_elephant.jpg,0,2,rightEye,[ 72.30071688 327.53676701],0.9775202870368958
./images/riding_elephant.jpg,0,3,leftEar,[ 73.24113369 335.29791421],0.4466351270675659
./images/riding_elephant.jpg,0,4,rightEar,[ 73.55978251 323.01074982],0.937433123588562
./images/riding_elephant.jpg,0,5,leftShoulder,[ 94.57500362 341.53683186],0.8562881350517273
./images/riding_elephant.jpg,0,6,rightShoulder,[ 98.16582847 309.1630373 ],0.9953550100326538
./images/riding_elephant.jpg,0,7,leftElbow,[124.04891491 356.34300423],0.8224101066589355
./images/riding_elephant.jpg,0,8,rightElbow,[126.43345833 311.08774471],0.8022093772888184
./images/riding_elephant.jpg,0,9,leftWrist,[127.9144756  358.99611998],0.671327531337738
./images/riding_elephant.jpg,0,10,rightWrist,[123.60117674 338.13910317],0.8865527510643005
./images/riding_elephant.jpg,0,11,leftHip,[151.55668259 349.44496155],0.8377147912979126
./images/riding_elephant.jpg,0,12,rightHip,[150.04813337 314.33311462],0.881292462348938
./images/riding_elephant.jpg,0,13,leftKnee,[162.20595551 372.20859814],0.7394207119941711
./images/riding_elephant.jpg,0,14,rightKnee,[163.83642507 328.37028503],0.20224197208881378
./images/riding_elephant.jpg,0,15,leftAnkle,[216.46116257 371.47569466],0.6180551648139954
./images/riding_elephant.jpg,0,16,rightAnkle,[212.01806498 340.74453402],0.19127118587493896
./images/riding_elephant.jpg,1,0,nose,[110.01189816 427.01588154],0.9924875497817993
./images/riding_elephant.jpg,1,1,leftEye,[106.99547863 429.53058147],0.9705333709716797
./images/riding_elephant.jpg,1,2,rightEye,[106.78596306 422.94640064],0.9748445153236389
./images/riding_elephant.jpg,1,3,leftEar,[111.0781666  432.55370313],0.7229593396186829
./images/riding_elephant.jpg,1,4,rightEar,[109.6435976  415.10422546],0.9441714286804199
./images/riding_elephant.jpg,1,5,leftShoulder,[136.46373653 433.48810649],0.9941670894622803
./images/riding_elephant.jpg,1,6,rightShoulder,[132.3738656  408.90522957],0.9852736592292786
./images/riding_elephant.jpg,1,7,leftElbow,[161.78429222 440.6006937 ],0.8477859497070312
./images/riding_elephant.jpg,1,8,rightElbow,[158.7317431  405.06938362],0.9738994836807251
./images/riding_elephant.jpg,1,9,leftWrist,[175.17419338 448.41768518],0.7007859945297241
./images/riding_elephant.jpg,1,10,rightWrist,[181.88232899 429.12278199],0.8556230664253235
./images/riding_elephant.jpg,1,11,leftHip,[179.32157302 433.21726561],0.9530009627342224
./images/riding_elephant.jpg,1,12,rightHip,[184.48585606 416.44399258],0.9744786024093628
./images/riding_elephant.jpg,1,13,leftKnee,[196.68068027 472.44632244],0.47090068459510803
./images/riding_elephant.jpg,1,14,rightKnee,[200.73101711 425.98284531],0.3681876063346863
./images/riding_elephant.jpg,1,15,leftAnkle,[270.55430996 480.99323219],0.0061380076222121716
./images/riding_elephant.jpg,1,16,rightAnkle,[235.58382177 411.87574577],0.06653141975402832
./images/riding_elephant.jpg,2,0,nose,[262.96164179  45.40676641],0.9157876968383789
./images/riding_elephant.jpg,2,1,leftEye,[259.71394992  47.29430115],0.8175237774848938
./images/riding_elephant.jpg,2,2,rightEye,[260.19694328  44.65091085],0.8768238425254822
./images/riding_elephant.jpg,2,3,leftEar,[261.42638063  50.56818366],0.7825047969818115
./images/riding_elephant.jpg,2,4,rightEar,[261.41875076  42.80681229],0.6003145575523376
./images/riding_elephant.jpg,2,5,leftShoulder,[270.81789398  57.78073215],0.9695600271224976
./images/riding_elephant.jpg,2,6,rightShoulder,[273.18401146  38.92448759],0.917803168296814
./images/riding_elephant.jpg,2,7,leftElbow,[286.18976021  61.72512817],0.7510935664176941
./images/riding_elephant.jpg,2,8,rightElbow,[287.38926667  34.00568247],0.9358024597167969
./images/riding_elephant.jpg,2,9,leftWrist,[290.97185898  63.67433885],0.9524804949760437
./images/riding_elephant.jpg,2,10,rightWrist,[295.25893688  34.54183102],0.8600465059280396
./images/riding_elephant.jpg,2,11,leftHip,[301.03640914  52.86746788],0.9809633493423462
./images/riding_elephant.jpg,2,12,rightHip,[301.0737536   44.24042606],0.9690672755241394
./images/riding_elephant.jpg,2,13,leftKnee,[325.12188911  48.82090092],0.8753370642662048
./images/riding_elephant.jpg,2,14,rightKnee,[324.96366835  39.23527861],0.9844862222671509
./images/riding_elephant.jpg,2,15,leftAnkle,[343.61562347  49.78257942],0.9302270412445068
./images/riding_elephant.jpg,2,16,rightAnkle,[344.24946976  34.41919041],0.909976065158844
./images/riding_elephant.jpg,3,0,nose,[ 85.84357119 370.49196315],0.974482536315918
./images/riding_elephant.jpg,3,1,leftEye,[ 82.18725586 372.45293331],0.9293147921562195
./images/riding_elephant.jpg,3,2,rightEye,[ 82.11145711 366.27742672],0.9492665529251099
./images/riding_elephant.jpg,3,3,leftEar,[ 83.9216466  370.55882835],0.29517844319343567
./images/riding_elephant.jpg,3,4,rightEar,[ 84.0072279  356.24468708],0.7643675208091736
./images/riding_elephant.jpg,3,5,leftShoulder,[105.44513226 369.19870567],0.8850831389427185
./images/riding_elephant.jpg,3,6,rightShoulder,[104.06996632 352.81642914],0.7869561910629272
./images/riding_elephant.jpg,3,7,leftElbow,[127.77307892 379.75318098],0.9221845865249634
./images/riding_elephant.jpg,3,8,rightElbow,[127.15984821 359.52205181],0.4890413284301758
./images/riding_elephant.jpg,3,9,leftWrist,[130.6383636  370.99237537],0.5967004299163818
./images/riding_elephant.jpg,3,10,rightWrist,[136.80781174 375.7240324 ],0.5786226987838745
./images/riding_elephant.jpg,3,11,leftHip,[149.25454283 376.78334904],0.8627222180366516
./images/riding_elephant.jpg,3,12,rightHip,[149.16627216 368.02078459],0.8962788581848145
./images/riding_elephant.jpg,3,13,leftKnee,[163.23761344 380.12210488],0.8326748609542847
./images/riding_elephant.jpg,3,14,rightKnee,[161.72935009 372.07333374],0.7433879375457764
./images/riding_elephant.jpg,3,15,leftAnkle,[210.32259154 368.23061562],0.47360488772392273
./images/riding_elephant.jpg,3,16,rightAnkle,[211.45752215 375.46998405],0.4676797091960907
./images/tie_with_beer.jpg,0,0,nose,[153.57175684 274.61876369],0.9983787536621094
./images/tie_with_beer.jpg,0,1,leftEye,[123.41491127 295.17265415],0.9983922839164734
./images/tie_with_beer.jpg,0,2,rightEye,[123.25696945 243.7314558 ],0.9919291734695435
./images/tie_with_beer.jpg,0,3,leftEar,[133.57183361 313.0282197 ],0.40602803230285645
./images/tie_with_beer.jpg,0,4,rightEar,[131.84647369 199.20117378],0.9767773747444153
./images/tie_with_beer.jpg,0,5,leftShoulder,[258.83082771 344.74660206],0.7864835858345032
./images/tie_with_beer.jpg,0,6,rightShoulder,[281.24145699 156.81695747],0.1192442923784256
./images/tie_with_beer.jpg,0,7,leftElbow,[446.77058399 352.05803108],0.025507740676403046
./images/tie_with_beer.jpg,0,8,rightElbow,[485.30214691  96.98803139],0.21461164951324463
./images/tie_with_beer.jpg,0,9,leftWrist,[513.35777962 343.12910461],0.003485604887828231
./images/tie_with_beer.jpg,0,10,rightWrist,[497.55539417 255.81067276],0.07031430304050446
./images/tie_with_beer.jpg,0,11,leftHip,[520.80220318 323.86178684],0.0240656565874815
./images/tie_with_beer.jpg,0,12,rightHip,[518.08738422 208.06634627],0.015327426604926586
./images/tie_with_beer.jpg,0,13,leftKnee,[523.22033787 363.32731199],0.0021560180466622114
./images/tie_with_beer.jpg,0,14,rightKnee,[518.13577271 269.02512932],0.0006998658645898104
./images/tie_with_beer.jpg,0,15,leftAnkle,[517.58982992 334.35926175],0.0026594894006848335
./images/tie_with_beer.jpg,0,16,rightAnkle,[517.73464108 299.64236736],0.0020281216129660606
./images/tie_with_beer.jpg,1,0,nose,[192.65131348  24.51222038],0.786078929901123
./images/tie_with_beer.jpg,1,1,leftEye,[188.70528793  26.37894249],0.48673003911972046
./images/tie_with_beer.jpg,1,2,rightEye,[188.75238109  27.01418734],0.7128185629844666
./images/tie_with_beer.jpg,1,3,leftEar,[192.19181113  29.46898913],0.3319915235042572
./images/tie_with_beer.jpg,1,4,rightEar,[192.72148609  20.74645901],0.4814816415309906
./images/tie_with_beer.jpg,1,5,leftShoulder,[201.70386505  21.81565094],0.8650043606758118
./images/tie_with_beer.jpg,1,6,rightShoulder,[203.4837327   15.08493066],0.9392982721328735
./images/tie_with_beer.jpg,1,7,leftElbow,[208.44290653  34.92207313],0.8560279011726379
./images/tie_with_beer.jpg,1,8,rightElbow,[215.74117517  17.33625376],0.8838030695915222
./images/tie_with_beer.jpg,1,9,leftWrist,[212.33661318  38.15829277],0.5147008895874023
./images/tie_with_beer.jpg,1,10,rightWrist,[218.49753523  17.72667015],0.7369217872619629
./images/tie_with_beer.jpg,1,11,leftHip,[223.88541847  22.79692316],0.7753559947013855
./images/tie_with_beer.jpg,1,12,rightHip,[223.97892193  20.53756046],0.822647750377655
./images/tie_with_beer.jpg,1,13,leftKnee,[230.26369524  31.69760552],0.8752371668815613
./images/tie_with_beer.jpg,1,14,rightKnee,[231.26562881  19.45252419],0.8036043643951416
./images/tie_with_beer.jpg,1,15,leftAnkle,[246.12068939  33.11590171],0.626872181892395
./images/tie_with_beer.jpg,1,16,rightAnkle,[250.20210934  20.4870677 ],0.6271237730979919
./images/baseball.jpg,0,0,nose,[105.29423809 431.31334877],0.6887608170509338
./images/baseball.jpg,0,1,leftEye,[103.62842274 435.32278204],0.9394062757492065
./images/baseball.jpg,0,2,rightEye,[104.39973164 433.59931147],0.7512621283531189
./images/baseball.jpg,0,3,leftEar,[104.7953887  442.60639906],0.9335452318191528
./images/baseball.jpg,0,4,rightEar,[106.73833466 438.71454811],0.33812254667282104
./images/baseball.jpg,0,5,leftShoulder,[119.02749348 450.28176761],0.9900926947593689
./images/baseball.jpg,0,6,rightShoulder,[124.02206516 451.70188999],0.699491560459137
./images/baseball.jpg,0,7,leftElbow,[142.43700659 448.13817328],0.9088193774223328
./images/baseball.jpg,0,8,rightElbow,[138.68422794 433.0662241 ],0.6122313737869263
./images/baseball.jpg,0,9,leftWrist,[135.61225319 429.4509654 ],0.7112429738044739
./images/baseball.jpg,0,10,rightWrist,[127.19934982 433.71189499],0.18642140924930573
./images/baseball.jpg,0,11,leftHip,[162.71796894 456.35304213],0.9562872052192688
./images/baseball.jpg,0,12,rightHip,[161.94518423 454.72736263],0.927058219909668
./images/baseball.jpg,0,13,leftKnee,[198.92271805 453.26218414],0.9570234417915344
./images/baseball.jpg,0,14,rightKnee,[199.08302402 447.73806792],0.9815996289253235
./images/baseball.jpg,0,15,leftAnkle,[233.15212965 466.91509295],0.8926205635070801
./images/baseball.jpg,0,16,rightAnkle,[231.44517517 451.06195068],0.9195395708084106
./images/baseball.jpg,1,0,nose,[112.4875223   70.11578941],0.21065019071102142
./images/baseball.jpg,1,1,leftEye,[106.32727385  73.49130297],0.3421943187713623
./images/baseball.jpg,1,2,rightEye,[102.78146553  78.02526486],0.01641165092587471
./images/baseball.jpg,1,3,leftEar,[108.20064807  83.02100778],0.9273109436035156
./images/baseball.jpg,1,4,rightEar,[102.91913605  97.25175095],0.06802400201559067
./images/baseball.jpg,1,5,leftShoulder,[155.1880331   93.79277992],0.5951778292655945
./images/baseball.jpg,1,6,rightShoulder,[142.69366443 133.66618061],0.6355761885643005
./images/baseball.jpg,1,7,leftElbow,[205.76927757 121.8588171 ],0.8253742456436157
./images/baseball.jpg,1,8,rightElbow,[197.89840937 164.21808815],0.022995414212346077
./images/baseball.jpg,1,9,leftWrist,[270.80528271 129.18233681],0.41559791564941406
./images/baseball.jpg,1,10,rightWrist,[261.12788057 143.37699509],0.03191773593425751
./images/baseball.jpg,1,11,leftHip,[257.18154216 175.8765563 ],0.7813276052474976
./images/baseball.jpg,1,12,rightHip,[250.63662672 202.73215628],0.14926573634147644
./images/baseball.jpg,1,13,leftKnee,[353.44641733 173.82187724],0.6725701689720154
./images/baseball.jpg,1,14,rightKnee,[335.47841066 219.00909376],0.00041832347051240504
./images/baseball.jpg,1,15,leftAnkle,[455.62212372 163.3838892 ],0.7279602289199829
./images/baseball.jpg,1,16,rightAnkle,[408.07697105 227.67250443],0.00012800660624634475
./images/person_bench.jpg,0,0,nose,[415.97955036 174.78888202],0.9439464807510376
./images/person_bench.jpg,0,1,leftEye,[410.02414846 177.19849992],0.9379189014434814
./images/person_bench.jpg,0,2,rightEye,[410.31759071 174.24473262],0.9610213041305542
./images/person_bench.jpg,0,3,leftEar,[410.77139568 181.75144529],0.8412066698074341
./images/person_bench.jpg,0,4,rightEar,[411.02223158 169.23212719],0.7539732456207275
./images/person_bench.jpg,0,5,leftShoulder,[425.48680258 184.72553492],0.9900950193405151
./images/person_bench.jpg,0,6,rightShoulder,[423.18322039 162.66701221],0.9411737322807312
./images/person_bench.jpg,0,7,leftElbow,[448.98918533 192.70038998],0.937425971031189
./images/person_bench.jpg,0,8,rightElbow,[444.47826481 156.75271368],0.838159441947937
./images/person_bench.jpg,0,9,leftWrist,[446.13251996 182.6465292 ],0.9405839443206787
./images/person_bench.jpg,0,10,rightWrist,[448.56696892 161.53522265],0.7424964904785156
./images/person_bench.jpg,0,11,leftHip,[453.79371929 185.67746925],0.90089350938797
./images/person_bench.jpg,0,12,rightHip,[457.20940208 166.59473705],0.9431008100509644
./images/person_bench.jpg,0,13,leftKnee,[458.50639629 191.14874583],0.9671831727027893
./images/person_bench.jpg,0,14,rightKnee,[463.4239521  163.18550801],0.8041492104530334
./images/person_bench.jpg,0,15,leftAnkle,[492.64852405 200.18385029],0.8298134803771973
./images/person_bench.jpg,0,16,rightAnkle,[492.91881037 152.10904598],0.8198090195655823
./images/two_on_bench.jpg,0,0,nose,[250.74585247 401.45005871],0.332772821187973
./images/two_on_bench.jpg,0,1,leftEye,[250.36651611 401.56497796],0.5745201706886292
./images/two_on_bench.jpg,0,2,rightEye,[255.04296446 396.59774539],0.5776846408843994
./images/two_on_bench.jpg,0,3,leftEar,[248.50300932 408.85816345],0.821026086807251
./images/two_on_bench.jpg,0,4,rightEar,[249.35030556 400.01236943],0.056149326264858246
./images/two_on_bench.jpg,0,5,leftShoulder,[266.68874216 433.95603142],0.996384859085083
./images/two_on_bench.jpg,0,6,rightShoulder,[266.64280891 404.65484127],0.9721677303314209
./images/two_on_bench.jpg,0,7,leftElbow,[293.83488083 438.00031999],0.3389774560928345
./images/two_on_bench.jpg,0,8,rightElbow,[291.20179248 388.84671276],0.8322253823280334
./images/two_on_bench.jpg,0,9,leftWrist,[300.02496243 414.54486384],0.9426229596138
./images/two_on_bench.jpg,0,10,rightWrist,[303.09078008 386.55086282],0.7034946084022522
./images/two_on_bench.jpg,0,11,leftHip,[322.68080616 422.08748651],0.8988723158836365
./images/two_on_bench.jpg,0,12,rightHip,[318.64013171 399.0809837 ],0.5464760065078735
./images/two_on_bench.jpg,0,13,leftKnee,[339.96575379 391.83055094],0.23302315175533295
./images/two_on_bench.jpg,0,14,rightKnee,[345.35153198 325.51927184],0.3751438558101654
./images/two_on_bench.jpg,0,15,leftAnkle,[394.24417973 373.763982  ],0.023919736966490746
./images/two_on_bench.jpg,0,16,rightAnkle,[407.63911486 347.62875164],0.66536945104599
./images/two_on_bench.jpg,1,0,nose,[260.16734838 345.0977519 ],0.991148829460144
./images/two_on_bench.jpg,1,1,leftEye,[252.76197839 347.47724717],0.9758937358856201
./images/two_on_bench.jpg,1,2,rightEye,[255.65195957 338.81152333],0.982269823551178
./images/two_on_bench.jpg,1,3,leftEar,[249.6917491  356.00252634],0.9208017587661743
./images/two_on_bench.jpg,1,4,rightEar,[256.66810852 331.61656668],0.5895172953605652
./images/two_on_bench.jpg,1,5,leftShoulder,[267.30708694 364.83699345],0.6971008777618408
./images/two_on_bench.jpg,1,6,rightShoulder,[277.17359543 337.567966  ],0.9705285429954529
./images/two_on_bench.jpg,1,7,leftElbow,[289.63656044 380.91717337],0.27721258997917175
./images/two_on_bench.jpg,1,8,rightElbow,[313.20494843 339.5221861 ],0.5974988341331482
./images/two_on_bench.jpg,1,9,leftWrist,[312.54678631 360.20844761],0.5975502133369446
./images/two_on_bench.jpg,1,10,rightWrist,[330.11769533 327.22478253],0.8721641898155212
./images/two_on_bench.jpg,1,11,leftHip,[327.62191391 379.08999487],0.4691968858242035
./images/two_on_bench.jpg,1,12,rightHip,[324.33751345 360.25745317],0.7621620893478394
./images/two_on_bench.jpg,1,13,leftKnee,[345.92959309 335.85545144],0.697499692440033
./images/two_on_bench.jpg,1,14,rightKnee,[346.29839516 323.05677639],0.6066259145736694
./images/two_on_bench.jpg,1,15,leftAnkle,[409.47877979 361.92035511],0.23670846223831177
./images/two_on_bench.jpg,1,16,rightAnkle,[407.63911486 347.62875164],0.66536945104599
./images/truck.jpg,0,0,nose,[222.71444094 428.06058598],0.9485448598861694
./images/truck.jpg,0,1,leftEye,[214.20631409 427.34849739],0.7567178606987
./images/truck.jpg,0,2,rightEye,[217.78721523 421.88631964],0.9778939485549927
./images/truck.jpg,0,3,leftEar,[210.34953117 421.70558643],0.027683602645993233
./images/truck.jpg,0,4,rightEar,[212.05224133 400.828044  ],0.9950991272926331
./images/truck.jpg,0,5,leftShoulder,[234.87514877 379.59712124],0.3454643785953522
./images/truck.jpg,0,6,rightShoulder,[242.59373665 369.65984154],0.29876092076301575
./images/truck.jpg,0,7,leftElbow,[288.49200439 383.52703571],0.337604284286499
./images/truck.jpg,0,8,rightElbow,[291.57152796 380.5836916 ],0.8216739892959595
./images/truck.jpg,0,9,leftWrist,[327.30018425 394.63951349],0.3051932156085968
./images/truck.jpg,0,10,rightWrist,[326.99652576 389.08727884],0.9407013058662415
./images/truck.jpg,0,11,leftHip,[312.52776146 333.07812548],0.39143532514572144
./images/truck.jpg,0,12,rightHip,[308.18052197 313.04185963],0.7280833721160889
./images/truck.jpg,0,13,leftKnee,[380.23294282 324.67028618],0.08590450137853622
./images/truck.jpg,0,14,rightKnee,[385.06245422 326.1836009 ],0.047068338841199875
./images/truck.jpg,0,15,leftAnkle,[445.74727941 343.48185492],0.3849082589149475
./images/truck.jpg,0,16,rightAnkle,[450.22254944 343.71412802],0.23492854833602905
./images/tennis_standing.jpg,0,0,nose,[ 94.80768216 210.7293117 ],0.9981529116630554
./images/tennis_standing.jpg,0,1,leftEye,[ 79.43778259 238.40528691],0.9978417158126831
./images/tennis_standing.jpg,0,2,rightEye,[ 78.32532573 208.01651951],0.9972139000892639
./images/tennis_standing.jpg,0,3,leftEar,[110.49205303 291.43164062],0.14868932962417603
./images/tennis_standing.jpg,0,4,rightEar,[ 96.91730517 195.37602139],0.00972768571227789
./images/tennis_standing.jpg,0,5,leftShoulder,[230.01046085 337.18844223],0.33674144744873047
./images/tennis_standing.jpg,0,6,rightShoulder,[228.86762428 169.07697105],0.18601717054843903
./images/tennis_standing.jpg,0,7,leftElbow,[381.4078598  433.86099815],0.06026872619986534
./images/tennis_standing.jpg,0,8,rightElbow,[391.14231682 127.99800777],0.11368688941001892
./images/tennis_standing.jpg,0,9,leftWrist,[420.74599361 347.95632076],0.8858219385147095
./images/tennis_standing.jpg,0,10,rightWrist,[452.17184544 122.57630062],0.6822063326835632
./images/tennis_standing.jpg,0,11,leftHip,[512.07247709 315.94295025],0.3819763660430908
./images/tennis_standing.jpg,0,12,rightHip,[517.7313118  171.28193855],0.07675525546073914
./images/tennis_standing.jpg,0,13,leftKnee,[532.15167618 318.15445745],0.0022363916505128145
./images/tennis_standing.jpg,0,14,rightKnee,[522.76574707 165.46885014],0.0037155344616621733
./images/tennis_standing.jpg,0,15,leftAnkle,[521.4825983  321.90643048],0.0009597446187399328
./images/tennis_standing.jpg,0,16,rightAnkle,[515.36151314 167.84000015],0.0026636982802301645
